{"cameraMode":{"drawMode":0,"name":"Shaded","section":"Shading Mode"},"sceneLighting":true,"audioPlay":false,"sceneViewState":{"m_AlwaysRefresh":false,"showFog":true,"showSkybox":true,"showFlares":true,"showImageEffects":true,"showParticleSystems":true,"showVisualEffectGraphs":true,"m_FxEnabled":true},"in2DMode":false,"pivot":{"x":-61.485809326171878,"y":-29.055156707763673,"z":24.526948928833009},"rotation":{"x":-0.18079715967178346,"y":0.5263118743896484,"z":-0.11565612256526947,"w":-0.8227534294128418},"size":43.11466598510742,"orthographic":false}